{
    "data": [
        {
            "title": "Luxurios Meals",
            "img": "images/meal.jpg",
            "description": "This is a longer card with supporting text below as a natural lead-in to additional content. This content is a little bit longer.",
            "isHot": false
        },
        {
            "title": "Fishing Trips",
            "img": "images/trips.jpg",
            "description": "This is a longer card with supporting text below as a natural lead-in to additional content. This content is a little bit longer.",
            "isHot": true
        },
        {
            "title": "Accessories",
            "img": "images/accessories.jpg",
            "description": "This is a longer card with supporting text below as a natural lead-in to additional content. This content is a little bit longer.",
            "isHot": false
        }
    ]
}